{"cameraMode":{"drawMode":0,"name":"Shaded","section":"Shading Mode"},"sceneLighting":true,"audioPlay":false,"sceneViewState":{"showFog":true,"showMaterialUpdate":false,"showSkybox":true,"showFlares":true,"showImageEffects":true,"showParticleSystems":true},"in2DMode":false,"pivot":{"x":1895.8282470703125,"y":1207.8023681640625,"z":-475.4961853027344},"rotation":{"x":0.25468185544013979,"y":-0.5248885154724121,"z":0.1682453602552414,"w":0.7945597171783447},"size":17.881990432739259,"orthographic":false}